期号,开奖日期,红球,蓝球
2025065,2025-06-10(二),06 10 13 14 15 20,11
2025064,2025-06-08(日),02 10 13 22 29 33,16
2025063,2025-06-05(四),02 19 21 22 28 30,01
2025062,2025-06-03(二),06 08 09 13 25 31,14
2025061,2025-06-01(日),06 07 09 10 11 32,09
2025060,2025-05-29(四),06 14 18 25 28 30,01
2025059,2025-05-27(二),04 10 11 12 13 24,01
2025058,2025-05-25(日),02 06 07 09 10 20,06
2025057,2025-05-22(四),04 09 15 16 25 30,14
2025056,2025-05-20(二),01 02 10 14 28 31,03
2025055,2025-05-18(日),02 05 22 27 29 33,12
2025054,2025-05-15(四),05 07 10 21 24 27,16
2025053,2025-05-13(二),06 09 10 13 30 33,07
2025052,2025-05-11(日),06 07 10 17 20 26,09
2025051,2025-05-08(四),01 02 03 04 17 22,01
2025050,2025-05-06(二),09 12 15 18 22 33,16
2025049,2025-05-04(日),03 06 19 27 29 33,11
2025048,2025-05-01(四),16 21 22 23 27 31,10
2025047,2025-04-29(二),01 14 21 22 23 31,12
2025046,2025-04-27(日),02 03 10 16 29 33,01
2025045,2025-04-24(四),02 14 19 24 29 33,13
2025044,2025-04-22(二),02 03 07 08 14 28,11
2025043,2025-04-20(日),03 12 16 19 20 32,13
2025042,2025-04-17(四),07 13 19 23 27 33,12
2025041,2025-04-15(二),06 10 17 19 25 31,06
2025040,2025-04-13(日),02 06 08 09 10 24,11
2025039,2025-04-10(四),08 10 12 15 17 23,11
2025038,2025-04-08(二),06 19 20 23 26 33,09
2025037,2025-04-06(日),03 06 11 20 21 31,02
2025036,2025-04-03(四),05 11 13 16 19 32,07
2025035,2025-04-01(二),01 08 16 18 25 31,01
2025034,2025-03-30(日),05 08 13 14 24 26,12
2025033,2025-03-27(四),03 05 18 25 26 33,08
2025032,2025-03-25(二),03 08 10 14 16 21,03
2025031,2025-03-23(日),01 05 06 08 23 28,01
2025030,2025-03-20(四),04 06 07 30 31 33,06
2025029,2025-03-18(二),05 15 16 25 30 33,16
2025028,2025-03-16(日),04 09 14 15 18 25,15
2025027,2025-03-13(四),05 07 08 15 16 23,06
2025026,2025-03-11(二),09 10 12 14 19 32,07
2025025,2025-03-09(日),12 15 21 23 25 30,02
2025024,2025-03-06(四),10 11 22 27 30 32,15
2025023,2025-03-04(二),09 12 13 24 25 33,07
2025022,2025-03-02(日),11 17 18 20 28 30,10
2025021,2025-02-27(四),07 08 16 18 25 32,14
2025020,2025-02-25(二),04 11 13 16 26 30,15
2025019,2025-02-23(日),05 13 17 18 22 23,11
2025018,2025-02-20(四),03 09 18 21 28 29,11
2025017,2025-02-18(二),04 12 15 18 28 29,05
2025016,2025-02-16(日),02 03 12 16 20 29,14
2025015,2025-02-13(四),04 11 15 24 25 33,15
2025014,2025-02-11(二),06 07 09 13 21 27,05
2025013,2025-02-09(日),04 14 16 23 24 30,14
2025012,2025-02-06(四),07 11 13 18 27 31,11
2025011,2025-01-26(日),06 13 17 22 24 29,11
2025010,2025-01-23(四),04 06 07 16 17 21,08
2025009,2025-01-21(二),02 04 11 12 23 25,06
2025008,2025-01-19(日),09 14 16 17 25 33,11
2025007,2025-01-16(四),07 08 14 18 21 27,11
2025006,2025-01-14(二),01 07 08 17 20 22,06
2025005,2025-01-12(日),10 16 19 27 28 30,09
2025004,2025-01-09(四),03 07 17 27 29 32,04
2025003,2025-01-07(二),10 19 20 26 28 29,15
2025002,2025-01-05(日),09 12 13 15 22 26,11
2025001,2025-01-02(四),02 03 17 18 22 33,16
2024151,2024-12-31(二),05 10 16 19 29 32,04
2024150,2024-12-29(日),13 14 20 22 26 32,02
2024149,2024-12-26(四),03 09 16 17 18 22,16
2024148,2024-12-24(二),02 06 15 16 21 23,11
2024147,2024-12-22(日),05 11 13 16 21 30,10
2024146,2024-12-19(四),02 04 11 22 27 32,10
2024145,2024-12-17(二),01 03 16 22 23 30,03
2024144,2024-12-15(日),02 09 11 17 20 30,11
2024143,2024-12-12(四),02 05 11 22 30 33,10
2024142,2024-12-10(二),04 06 13 21 22 25,06
2024141,2024-12-08(日),01 02 07 15 24 29,12
2024140,2024-12-05(四),04 07 08 17 22 26,15
2024139,2024-12-03(二),15 16 20 22 23 29,14
2024138,2024-12-01(日),02 07 11 21 27 28,02
2024137,2024-11-28(四),04 09 10 19 26 27,12
2024136,2024-11-26(二),03 11 15 21 25 26,03
2024135,2024-11-24(日),05 11 17 18 30 31,13
2024134,2024-11-21(四),02 04 13 16 18 20,16
2024133,2024-11-19(二),01 11 15 27 30 33,01
2024132,2024-11-17(日),01 04 25 27 28 33,03
2024131,2024-11-14(四),04 05 11 15 20 32,13
2024130,2024-11-12(二),01 08 12 17 19 24,16
2024129,2024-11-10(日),09 10 13 19 24 32,01
2024128,2024-11-07(四),01 08 13 18 20 26,16
2024127,2024-11-05(二),02 05 13 20 27 32,10
2024126,2024-11-03(日),14 18 23 24 26 33,10
2024125,2024-10-31(四),01 04 13 18 26 30,03
2024124,2024-10-29(二),02 14 15 17 25 30,11
2024123,2024-10-27(日),02 15 22 26 30 33,04
2024122,2024-10-24(四),05 07 09 16 17 29,15
2024121,2024-10-22(二),01 07 10 13 27 33,03
2024120,2024-10-20(日),01 05 07 11 18 19,07
2024119,2024-10-17(四),02 09 26 27 31 32,14
2024118,2024-10-15(二),02 03 04 06 11 15,14
2024117,2024-10-13(日),03 12 14 16 29 32,12
2024116,2024-10-10(四),01 15 20 22 31 32,03
2024115,2024-10-08(二),03 10 11 19 27 28,07
2024114,2024-10-06(日),07 11 18 24 27 32,04
2024113,2024-09-29(日),04 05 23 24 26 31,11
2024112,2024-09-26(四),08 11 16 25 29 32,03
2024111,2024-09-24(二),01 04 11 12 22 30,16
2024110,2024-09-22(日),04 13 17 23 25 33,14
2024109,2024-09-19(四),03 04 24 28 29 33,09
2024108,2024-09-17(二),01 08 09 23 24 30,08
2024107,2024-09-15(日),01 06 08 13 17 19,09
2024106,2024-09-12(四),03 08 11 22 31 33,04
2024105,2024-09-10(二),02 05 17 19 29 33,04
2024104,2024-09-08(日),05 16 23 24 26 29,04
2024103,2024-09-05(四),12 21 23 27 32 33,15
2024102,2024-09-03(二),09 15 18 21 22 25,01
2024101,2024-09-01(日),08 12 15 17 19 30,08
2024100,2024-08-29(四),13 14 19 20 27 30,05
2024099,2024-08-27(二),04 12 17 24 26 27,16
2024098,2024-08-25(日),03 08 10 20 30 31,02
2024097,2024-08-22(四),04 10 12 13 18 30,03
2024096,2024-08-20(二),02 04 14 18 23 27,13
2024095,2024-08-18(日),04 06 09 14 16 21,03
2024094,2024-08-15(四),06 13 17 22 25 27,09
2024093,2024-08-13(二),01 05 07 11 12 15,12
2024092,2024-08-11(日),03 08 11 12 18 29,05
2024091,2024-08-08(四),13 15 16 19 20 24,10
2024090,2024-08-06(二),07 11 17 24 31 32,12
2024089,2024-08-04(日),03 06 09 15 18 31,01
2024088,2024-08-01(四),03 08 10 17 30 32,10
2024087,2024-07-30(二),03 09 18 19 20 26,11
2024086,2024-07-28(日),17 19 20 23 25 31,02
2024085,2024-07-25(四),01 05 15 21 23 27,15
2024084,2024-07-23(二),01 08 10 13 19 29,13
2024083,2024-07-21(日),03 09 14 29 32 33,15
2024082,2024-07-18(四),01 02 13 16 17 29,16
2024081,2024-07-16(二),01 06 12 17 23 25,04
2024080,2024-07-14(日),06 11 12 27 29 30,13
2024079,2024-07-11(四),02 03 06 07 16 26,04
2024078,2024-07-09(二),05 09 14 21 22 26,12
2024077,2024-07-07(日),01 04 06 14 17 22,08
2024076,2024-07-04(四),03 22 24 27 29 32,15
2024075,2024-07-02(二),03 05 08 18 22 28,01
2024074,2024-06-30(日),07 08 10 22 24 32,07
2024073,2024-06-27(四),03 09 12 18 28 30,01
2024072,2024-06-25(二),01 14 20 21 23 27,06
2024071,2024-06-23(日),02 08 19 28 30 31,14
2024070,2024-06-20(四),04 13 18 20 22 28,05
2024069,2024-06-18(二),06 13 20 21 24 32,06
2024068,2024-06-16(日),01 02 07 19 20 21,01
2024067,2024-06-13(四),01 11 13 17 25 29,03
2024066,2024-06-11(二),08 09 12 22 26 32,13
2024065,2024-06-09(日),03 05 09 10 19 22,14
2024064,2024-06-06(四),06 08 17 18 28 30,05
2024063,2024-06-04(二),07 14 16 23 28 32,04
2024062,2024-06-02(日),01 07 10 16 18 27,16
2024061,2024-05-30(四),01 09 18 22 25 28,02
2024060,2024-05-28(二),01 02 06 10 22 28,15
2024059,2024-05-26(日),01 03 14 25 31 33,07
2024058,2024-05-23(四),08 12 13 17 27 29,13
2024057,2024-05-21(二),03 08 17 18 23 31,08
2024056,2024-05-19(日),05 18 20 24 25 26,06
2024055,2024-05-16(四),02 04 06 07 16 29,03
2024054,2024-05-14(二),08 13 20 25 31 32,03
2024053,2024-05-12(日),07 14 21 22 28 33,07
2024052,2024-05-09(四),07 10 11 15 17 21,03
2024051,2024-05-07(二),05 09 13 20 23 28,06
2024050,2024-05-05(日),01 03 07 10 22 33,02
2024049,2024-05-02(四),12 15 17 23 26 32,11
2024048,2024-04-30(二),02 09 15 19 26 28,02
2024047,2024-04-28(日),07 08 21 26 29 30,15
2024046,2024-04-25(四),02 06 10 11 17 29,15
2024045,2024-04-23(二),02 08 19 23 24 26,03
2024044,2024-04-21(日),02 06 17 25 32 33,06
2024043,2024-04-18(四),04 06 07 14 15 24,08
2024042,2024-04-16(二),02 04 05 14 26 32,14
2024041,2024-04-14(日),02 09 12 22 25 33,16
2024040,2024-04-11(四),11 14 18 19 23 26,02
2024039,2024-04-09(二),02 06 12 29 30 31,10
2024038,2024-04-07(日),08 10 18 23 27 31,02
2024037,2024-04-04(四),01 04 05 06 12 14,13
2024036,2024-04-02(二),02 08 09 12 21 31,02
2024035,2024-03-31(日),05 07 14 17 22 32,06
2024034,2024-03-28(四),02 09 12 19 21 31,04
2024033,2024-03-26(二),06 10 11 18 20 32,05
2024032,2024-03-24(日),01 03 04 11 12 21,16
2024031,2024-03-21(四),09 10 13 25 30 32,02
2024030,2024-03-19(二),01 08 22 25 29 33,10
2024029,2024-03-17(日),12 18 23 25 28 33,04
2024028,2024-03-14(四),03 07 08 11 18 19,05
2024027,2024-03-12(二),02 06 13 27 28 32,13
2024026,2024-03-10(日),04 07 18 19 20 25,06
2024025,2024-03-07(四),08 15 21 22 25 33,13
2024024,2024-03-05(二),03 07 21 24 26 30,10
2024023,2024-03-03(日),01 10 22 25 28 32,10
2024022,2024-02-29(四),02 09 11 14 18 26,06
2024021,2024-02-27(二),04 06 16 17 23 24,11
2024020,2024-02-25(日),03 08 12 14 17 33,08
2024019,2024-02-22(四),05 11 12 16 17 20,08
2024018,2024-02-20(二),06 15 17 24 28 29,16
2024017,2024-02-18(日),04 17 19 20 25 32,04
2024016,2024-02-06(二),07 12 20 24 32 33,04
2024015,2024-02-04(日),03 08 17 18 20 30,15
2024014,2024-02-01(四),01 02 10 22 24 25,13
2024013,2024-01-30(二),01 07 10 14 21 25,07
2024012,2024-01-28(日),01 03 07 18 22 28,15
2024011,2024-01-25(四),08 12 16 20 27 31,06
2024010,2024-01-23(二),11 16 20 21 23 24,04
2024009,2024-01-21(日),01 04 07 10 17 23,14
2024008,2024-01-18(四),08 20 21 23 27 30,13
2024007,2024-01-16(二),04 05 06 07 20 22,15
2024006,2024-01-14(日),07 18 20 21 26 32,05
2024005,2024-01-11(四),05 06 20 23 25 32,03
2024004,2024-01-09(二),09 13 17 18 21 27,04
2024003,2024-01-07(日),01 05 08 13 32 33,03
2024002,2024-01-04(四),04 09 10 17 19 20,09
2024001,2024-01-02(二),03 07 16 26 27 32,16
2023151,2023-12-31(日),01 15 16 20 25 27,05
2023150,2023-12-28(四),10 17 25 26 30 33,05
2023149,2023-12-26(二),02 10 19 24 26 33,15
2023148,2023-12-24(日),03 05 07 09 19 20,08
2023147,2023-12-21(四),05 06 14 16 19 32,12
2023146,2023-12-19(二),02 03 06 11 20 32,09
2023145,2023-12-17(日),07 10 21 22 23 24,11
2023144,2023-12-14(四),12 16 17 22 25 27,08
2023143,2023-12-12(二),05 07 09 16 23 30,15
2023142,2023-12-10(日),02 08 20 21 27 33,14
2023141,2023-12-07(四),01 08 11 12 21 23,03
2023140,2023-12-05(二),03 04 11 14 30 31,05
2023139,2023-12-03(日),12 14 19 21 27 31,11
2023138,2023-11-30(四),03 22 28 30 31 33,04
2023137,2023-11-28(二),03 12 17 19 23 27,11
2023136,2023-11-26(日),03 05 10 21 22 26,10
2023135,2023-11-23(四),05 06 11 13 28 30,07
2023134,2023-11-21(二),05 08 09 17 22 33,04
2023133,2023-11-19(日),04 05 10 14 22 25,03
2023132,2023-11-16(四),03 09 11 15 25 27,01
2023131,2023-11-14(二),06 07 14 20 26 32,01
2023130,2023-11-12(日),04 10 17 22 23 32,16
2023129,2023-11-09(四),08 09 12 17 32 33,04
2023128,2023-11-07(二),07 16 20 21 27 33,01
2023127,2023-11-05(日),03 08 19 22 26 32,14
2023126,2023-11-02(四),10 24 26 28 29 31,16
2023125,2023-10-31(二),11 14 15 27 30 33,04
2023124,2023-10-29(日),02 03 17 18 25 30,11
2023123,2023-10-26(四),10 13 15 22 29 32,15
2023122,2023-10-24(二),07 08 14 18 20 30,05
2023121,2023-10-22(日),02 12 16 25 30 31,12
2023120,2023-10-19(四),03 08 13 24 27 29,08
2023119,2023-10-17(二),01 02 03 19 21 28,15
2023118,2023-10-15(日),01 02 11 19 25 29,04
2023117,2023-10-12(四),02 11 14 17 18 28,08
2023116,2023-10-10(二),02 08 09 13 24 27,12
2023115,2023-10-08(日),02 07 16 21 26 27,16
2023114,2023-10-05(四),07 09 15 16 17 26,09
2023113,2023-09-28(四),01 02 13 18 25 27,03
2023112,2023-09-26(二),09 12 13 22 24 31,04
2023111,2023-09-24(日),05 06 12 17 20 33,09
2023110,2023-09-21(四),02 06 20 25 29 33,16
2023109,2023-09-19(二),06 08 10 13 16 28,13
2023108,2023-09-17(日),01 03 06 08 18 24,09
2023107,2023-09-14(四),03 07 18 25 29 33,14
2023106,2023-09-12(二),07 09 10 20 22 24,07
2023105,2023-09-10(日),01 03 05 26 30 32,16
2023104,2023-09-07(四),10 19 23 25 30 31,12
2023103,2023-09-05(二),05 06 13 24 25 29,15
2023102,2023-09-03(日),01 09 10 13 21 28,10
2023101,2023-08-31(四),01 05 09 15 18 26,04
2023100,2023-08-29(二),05 06 12 15 23 25,04
2023099,2023-08-27(日),09 11 14 19 27 33,05
2023098,2023-08-24(四),02 10 11 14 21 27,11
2023097,2023-08-22(二),01 09 14 19 29 30,15
2023096,2023-08-20(日),08 11 18 26 31 32,15
2023095,2023-08-17(四),03 08 16 17 22 26,11
2023094,2023-08-15(二),06 10 12 14 30 31,12
2023093,2023-08-13(日),10 21 24 25 27 32,07
2023092,2023-08-10(四),03 12 24 25 32 33,13
2023091,2023-08-08(二),16 20 22 26 30 32,16
2023090,2023-08-06(日),01 02 09 26 30 31,07
2023089,2023-08-03(四),08 13 15 27 28 31,11
2023088,2023-08-01(二),01 14 18 26 31 33,05
2023087,2023-07-30(日),02 09 15 17 28 33,01
2023086,2023-07-27(四),08 09 10 22 26 32,12
2023085,2023-07-25(二),11 18 23 24 31 33,13
2023084,2023-07-23(日),09 13 14 17 19 27,03
2023083,2023-07-20(四),07 10 12 16 17 30,12
2023082,2023-07-18(二),04 18 19 24 27 30,16
2023081,2023-07-16(日),01 11 15 16 22 31,15
2023080,2023-07-13(四),01 02 04 09 25 31,08
2023079,2023-07-11(二),05 06 09 12 21 22,07
2023078,2023-07-09(日),06 08 14 19 30 31,08
2023077,2023-07-06(四),07 09 14 22 26 27,01
2023076,2023-07-04(二),03 04 15 18 19 22,09
2023075,2023-07-02(日),13 15 24 28 30 31,01
2023074,2023-06-29(四),02 08 09 18 19 21,03
2023073,2023-06-27(二),01 03 15 16 25 32,10
2023072,2023-06-25(日),02 06 10 24 25 33,09
2023071,2023-06-22(四),05 12 15 19 24 26,06
2023070,2023-06-20(二),03 05 25 31 32 33,04
2023069,2023-06-18(日),12 14 17 20 21 26,02
2023068,2023-06-15(四),11 12 15 18 29 33,02
2023067,2023-06-13(二),01 03 12 19 28 32,14
2023066,2023-06-11(日),02 07 08 10 26 31,06
2023065,2023-06-08(四),02 14 17 20 26 33,14
2023064,2023-06-06(二),01 07 11 12 16 18,04
2023063,2023-06-04(日),04 08 17 20 22 27,13
2023062,2023-06-01(四),11 19 23 24 26 33,15
2023061,2023-05-30(二),01 04 06 11 12 22,15
2023060,2023-05-28(日),09 11 17 19 30 31,11
2023059,2023-05-25(四),02 06 13 22 27 32,06
2023058,2023-05-23(二),10 17 22 26 30 33,11
2023057,2023-05-21(日),02 05 10 17 24 32,03
2023056,2023-05-18(四),08 14 15 18 23 33,08
2023055,2023-05-16(二),03 04 20 23 27 32,13
2023054,2023-05-14(日),05 06 09 10 15 26,12
2023053,2023-05-11(四),01 07 14 20 27 30,15
2023052,2023-05-09(二),03 04 05 08 12 17,06
2023051,2023-05-07(日),22 26 29 30 32 33,14
2023050,2023-05-04(四),02 07 09 14 22 23,05
2023049,2023-05-02(二),05 07 14 23 25 27,02
2023048,2023-04-30(日),02 03 10 24 28 30,08
2023047,2023-04-27(四),05 07 14 23 31 33,07
2023046,2023-04-25(二),06 08 17 25 26 28,03
2023045,2023-04-23(日),03 06 12 21 27 28,04
2023044,2023-04-20(四),02 08 15 22 24 26,16
2023043,2023-04-18(二),05 08 12 20 24 28,10
2023042,2023-04-16(日),10 17 20 23 27 30,10
2023041,2023-04-13(四),01 06 12 13 15 24,06
2023040,2023-04-11(二),09 16 17 24 29 31,08
2023039,2023-04-09(日),02 03 09 13 19 28,09
2023038,2023-04-06(四),02 09 14 17 31 33,08
2023037,2023-04-04(二),08 23 25 26 29 31,12
2023036,2023-04-02(日),13 14 18 19 24 30,09
2023035,2023-03-30(四),01 04 09 10 20 33,06
2023034,2023-03-28(二),02 03 09 11 12 17,15
2023033,2023-03-26(日),08 09 13 23 24 26,05
2023032,2023-03-23(四),06 19 20 26 28 33,01
2023031,2023-03-21(二),07 14 27 29 31 33,05
2023030,2023-03-19(日),02 03 07 16 30 31,06
2023029,2023-03-16(四),03 07 12 24 28 33,08
2023028,2023-03-14(二),05 07 10 17 20 22,14
2023027,2023-03-12(日),08 10 22 27 32 33,08
2023026,2023-03-09(四),01 18 26 30 31 33,03
2023025,2023-03-07(二),04 16 20 21 31 32,14
2023024,2023-03-05(日),03 06 09 17 27 28,03
2023023,2023-03-02(四),05 08 10 15 24 25,09
2023022,2023-02-28(二),10 11 18 19 23 31,03
2023021,2023-02-26(日),02 05 06 19 21 27,04
2023020,2023-02-23(四),01 12 17 18 26 27,05
2023019,2023-02-21(二),06 12 26 28 29 32,15
2023018,2023-02-19(日),10 12 17 19 25 31,13
2023017,2023-02-16(四),05 11 18 20 26 28,12
2023016,2023-02-14(二),14 16 19 23 28 30,03
2023015,2023-02-12(日),02 03 14 21 29 32,08
2023014,2023-02-09(四),06 07 18 23 27 30,05
2023013,2023-02-07(二),06 10 14 22 23 33,13
2023012,2023-02-05(日),03 04 07 22 26 30,06
2023011,2023-02-02(四),06 07 16 17 21 22,04
2023010,2023-01-31(二),04 05 13 18 27 29,12
2023009,2023-01-29(日),03 04 19 23 30 32,06
2023008,2023-01-17(二),05 13 18 20 26 28,06
2023007,2023-01-15(日),05 06 09 22 25 31,03
2023006,2023-01-12(四),02 10 12 14 24 26,05
2023005,2023-01-10(二),02 06 08 13 14 19,16
2023004,2023-01-08(日),01 07 15 16 20 25,16
2023003,2023-01-05(四),05 08 18 25 30 32,06
2023002,2023-01-03(二),02 06 10 16 18 22,13
2023001,2023-01-01(日),09 16 18 22 28 32,02
2022150,2022-12-29(四),01 07 11 12 22 28,05
2022149,2022-12-27(二),02 22 26 29 32 33,14
2022148,2022-12-25(日),02 15 16 17 21 31,14
2022147,2022-12-22(四),02 03 07 13 20 30,10
2022146,2022-12-20(二),06 07 13 18 26 31,06
2022145,2022-12-18(日),03 21 25 30 31 33,11
2022144,2022-12-15(四),07 20 22 23 31 32,05
2022143,2022-12-13(二),07 08 13 29 30 33,03
2022142,2022-12-11(日),01 03 13 16 21 27,03
2022141,2022-12-08(四),05 12 13 17 20 27,14
2022140,2022-12-06(二),08 09 18 19 20 27,15
2022139,2022-12-04(日),06 07 09 16 17 19,14
2022138,2022-12-01(四),02 14 19 21 25 28,11
2022137,2022-11-29(二),08 21 23 27 28 33,01
2022136,2022-11-27(日),08 10 14 15 18 22,08
2022135,2022-11-24(四),09 11 13 24 28 32,06
2022134,2022-11-22(二),01 05 14 17 24 31,14
2022133,2022-11-20(日),05 08 16 17 21 25,12
2022132,2022-11-17(四),01 03 18 26 32 33,04
2022131,2022-11-15(二),03 05 10 13 19 29,06
2022130,2022-11-13(日),02 08 15 17 26 28,12
2022129,2022-11-10(四),10 12 14 22 24 27,07
2022128,2022-11-08(二),03 12 18 24 27 29,01
2022127,2022-11-06(日),03 04 09 10 29 33,13
2022126,2022-11-03(四),01 13 15 17 26 33,13
2022125,2022-11-01(二),02 03 07 12 20 31,16
2022124,2022-10-30(日),05 10 13 18 24 26,01
2022123,2022-10-27(四),10 13 16 20 21 25,05
2022122,2022-10-25(二),06 08 17 19 24 28,05
2022121,2022-10-23(日),12 17 22 27 30 31,02
2022120,2022-10-20(四),02 15 19 26 27 29,02
2022119,2022-10-18(二),02 05 15 18 26 27,04
2022118,2022-10-16(日),02 06 07 11 14 33,08
2022117,2022-10-13(四),04 13 17 18 28 29,06
2022116,2022-10-11(二),08 14 26 27 30 33,01
2022115,2022-10-09(日),06 07 18 20 27 29,09
2022114,2022-10-06(四),01 05 15 19 26 29,13
2022113,2022-09-29(四),13 14 20 24 27 29,02
2022112,2022-09-27(二),03 05 08 17 25 31,01
2022111,2022-09-25(日),02 10 11 13 28 31,01
2022110,2022-09-22(四),09 13 15 18 20 28,15
2022109,2022-09-20(二),04 11 13 19 22 33,11
2022108,2022-09-18(日),01 07 13 17 18 31,15
2022107,2022-09-15(四),03 09 11 15 19 28,16
2022106,2022-09-13(二),17 20 22 23 24 31,01
2022105,2022-09-11(日),06 12 13 15 21 23,15
2022104,2022-09-08(四),01 08 19 25 26 31,01
2022103,2022-09-06(二),06 09 12 14 20 28,10
2022102,2022-09-04(日),09 10 12 18 29 32,14
2022101,2022-09-01(四),04 16 18 19 27 28,04
2022100,2022-08-30(二),02 06 07 15 20 21,15
2022099,2022-08-28(日),01 11 23 24 26 32,15
2022098,2022-08-25(四),02 03 04 06 21 33,05
2022097,2022-08-23(二),04 05 10 13 30 31,14
2022096,2022-08-21(日),03 16 17 19 25 33,07
2022095,2022-08-18(四),04 13 14 18 20 28,08
2022094,2022-08-16(二),06 11 13 16 19 31,02
2022093,2022-08-14(日),21 22 24 28 29 32,14
2022092,2022-08-11(四),07 10 16 20 21 27,11
2022091,2022-08-09(二),08 18 20 22 24 28,10
2022090,2022-08-07(日),01 04 25 27 29 30,07
2022089,2022-08-04(四),02 07 15 29 31 33,15
2022088,2022-08-02(二),03 09 15 17 20 22,06
2022087,2022-07-31(日),05 06 09 13 23 25,08
2022086,2022-07-28(四),01 04 08 21 23 24,11
2022085,2022-07-26(二),07 09 14 31 32 33,13
2022084,2022-07-24(日),03 18 23 24 25 32,09
2022083,2022-07-21(四),08 12 13 14 19 20,05
2022082,2022-07-19(二),04 10 11 23 30 32,14
2022081,2022-07-17(日),04 08 11 21 27 30,01
2022080,2022-07-14(四),05 12 15 17 18 27,04
2022079,2022-07-12(二),01 09 15 17 22 23,16
2022078,2022-07-10(日),01 04 05 15 17 31,09
2022077,2022-07-07(四),03 17 18 19 20 27,16
2022076,2022-07-05(二),08 09 10 13 24 29,02
2022075,2022-07-03(日),01 02 04 25 26 30,10
2022074,2022-06-30(四),05 07 15 19 29 33,15
2022073,2022-06-28(二),06 10 14 15 26 29,12
2022072,2022-06-26(日),05 14 15 16 18 32,12
2022071,2022-06-23(四),04 07 15 18 29 33,01
2022070,2022-06-21(二),04 06 09 27 28 33,02
2022069,2022-06-19(日),06 07 13 19 26 29,08
2022068,2022-06-16(四),07 12 15 24 26 29,06
2022067,2022-06-14(二),01 05 13 21 26 29,15
2022066,2022-06-12(日),06 11 14 20 27 30,09
2022065,2022-06-09(四),09 14 18 23 28 31,02
2022064,2022-06-07(二),04 06 12 13 17 31,16
2022063,2022-06-05(日),06 08 09 17 22 31,11
2022062,2022-06-02(四),16 18 20 21 23 33,05
2022061,2022-05-31(二),01 03 16 18 29 33,06
2022060,2022-05-29(日),16 18 19 24 28 32,01
2022059,2022-05-26(四),06 09 18 19 29 33,06
2022058,2022-05-24(二),06 13 14 23 31 33,01
2022057,2022-05-22(日),12 15 20 26 30 33,16
2022056,2022-05-19(四),01 06 11 14 17 26,15
2022055,2022-05-17(二),02 04 09 26 28 33,03
2022054,2022-05-15(日),08 12 21 27 28 33,11
2022053,2022-05-12(四),10 14 18 23 27 33,15
2022052,2022-05-10(二),07 24 27 29 31 32,15
2022051,2022-05-08(日),02 05 11 17 21 33,01
2022050,2022-05-05(四),03 05 08 14 27 33,08
2022049,2022-05-03(二),02 04 07 18 25 26,10
2022048,2022-05-01(日),05 07 17 20 26 31,14
2022047,2022-04-28(四),03 07 08 14 27 30,09
2022046,2022-04-26(二),02 11 24 25 27 30,14
2022045,2022-04-24(日),03 12 17 18 19 28,04
2022044,2022-04-21(四),01 07 08 21 23 29,06
2022043,2022-04-19(二),02 17 20 23 25 27,08
2022042,2022-04-17(日),05 10 11 21 22 30,13
2022041,2022-04-14(四),05 07 21 22 24 29,14
2022040,2022-04-12(二),03 12 14 16 31 33,12
2022039,2022-04-10(日),02 06 07 10 15 20,05
2022038,2022-04-07(四),09 12 13 16 24 32,04
2022037,2022-04-05(二),01 10 13 20 22 32,14
2022036,2022-04-03(日),02 03 14 16 26 31,02
2022035,2022-03-31(四),08 12 13 19 23 25,15
2022034,2022-03-29(二),14 17 26 31 32 33,10
2022033,2022-03-27(日),05 12 19 22 25 26,05
2022032,2022-03-24(四),04 10 11 14 23 32,07
2022031,2022-03-22(二),01 10 11 22 26 32,07
2022030,2022-03-20(日),12 23 24 26 27 30,05
2022029,2022-03-17(四),03 08 10 13 26 32,08
2022028,2022-03-15(二),05 11 20 22 23 29,09
2022027,2022-03-13(日),14 15 18 19 26 32,09
2022026,2022-03-10(四),03 04 10 15 22 24,02
2022025,2022-03-08(二),06 19 24 25 28 32,04
2022024,2022-03-06(日),07 09 10 14 19 24,15
2022023,2022-03-03(四),07 12 17 19 24 25,02
2022022,2022-03-01(二),01 07 11 15 17 19,06
2022021,2022-02-27(日),03 07 22 24 26 31,14
2022020,2022-02-24(四),09 11 14 22 30 32,01
2022019,2022-02-22(二),05 06 14 20 21 25,08
2022018,2022-02-20(日),07 11 16 17 30 32,16
